{"cameraMode":{"drawMode":0,"name":"Shaded","section":"Shading Mode"},"sceneLighting":false,"audioPlay":false,"sceneViewState":{"showFog":true,"showMaterialUpdate":false,"showSkybox":true,"showFlares":true,"showImageEffects":true,"showParticleSystems":true},"in2DMode":false,"pivot":{"x":0.8892059326171875,"y":1.041580319404602,"z":-1.5899481773376465},"rotation":{"x":-0.2168465256690979,"y":0.20211583375930787,"z":-0.04594438523054123,"w":-0.9539475440979004},"size":2.799982786178589,"orthographic":false}