{"cameraMode":{"drawMode":0,"name":"Shaded","section":"Shading Mode"},"sceneLighting":false,"audioPlay":false,"sceneViewState":{"showFog":true,"showMaterialUpdate":false,"showSkybox":true,"showFlares":true,"showImageEffects":true,"showParticleSystems":true},"in2DMode":false,"pivot":{"x":0.0,"y":0.5506688356399536,"z":-0.2694368362426758},"rotation":{"x":-0.0015949158696457744,"y":-0.966871976852417,"z":0.2551857829093933,"w":-0.0060303229838609699},"size":3.4404914379119875,"orthographic":false}