{"cameraMode":{"drawMode":0,"name":"Shaded","section":"Shading Mode"},"sceneLighting":false,"audioPlay":false,"sceneViewState":{"showFog":true,"showMaterialUpdate":false,"showSkybox":true,"showFlares":true,"showImageEffects":true,"showParticleSystems":true},"in2DMode":false,"pivot":{"x":1.909999966621399,"y":0.1532995104789734,"z":2.21539306640625},"rotation":{"x":-0.09408552944660187,"y":0.8340967297554016,"z":-0.5223603844642639,"w":-0.1502343714237213},"size":3.565544605255127,"orthographic":false}