{"cameraMode":{"drawMode":0,"name":"Shaded","section":"Shading Mode"},"sceneLighting":true,"audioPlay":false,"sceneViewState":{"showFog":true,"showMaterialUpdate":false,"showSkybox":true,"showFlares":true,"showImageEffects":true,"showParticleSystems":true},"in2DMode":false,"pivot":{"x":-52.05471420288086,"y":12.505334854125977,"z":29.79100227355957},"rotation":{"x":0.10429432988166809,"y":-0.42314377427101138,"z":0.049108702689409259,"w":0.8986993432044983},"size":77.00491333007813,"orthographic":false}