{"cameraMode":{"drawMode":0,"name":"Shaded","section":"Shading Mode"},"sceneLighting":false,"audioPlay":false,"sceneViewState":{"showFog":true,"showMaterialUpdate":false,"showSkybox":true,"showFlares":true,"showImageEffects":true,"showParticleSystems":true},"in2DMode":false,"pivot":{"x":0.6898029446601868,"y":-0.316927433013916,"z":0.24907299876213075},"rotation":{"x":0.17488758265972138,"y":0.4838532507419586,"z":-0.09935040026903153,"w":0.8517217636108398},"size":3.3024446964263918,"orthographic":false}