{"cameraMode":{"drawMode":0,"name":"Shaded","section":"Shading Mode"},"sceneLighting":false,"audioPlay":false,"sceneViewState":{"showFog":true,"showMaterialUpdate":false,"showSkybox":true,"showFlares":true,"showImageEffects":true,"showParticleSystems":true},"in2DMode":false,"pivot":{"x":-2.0040907859802248,"y":0.05892172455787659,"z":7.808382987976074},"rotation":{"x":-0.03689275309443474,"y":0.4117981195449829,"z":-0.016687821596860887,"w":-0.9103751182556152},"size":3.413078546524048,"orthographic":false}