{"cameraMode":{"drawMode":0,"name":"Shaded","section":"Shading Mode"},"sceneLighting":false,"audioPlay":false,"sceneViewState":{"showFog":true,"showMaterialUpdate":false,"showSkybox":true,"showFlares":true,"showImageEffects":true,"showParticleSystems":true},"in2DMode":false,"pivot":{"x":-0.035984039306640628,"y":1.5371417999267579,"z":-3.130636692047119},"rotation":{"x":0.14618006348609925,"y":0.8091695308685303,"z":-0.22657330334186555,"w":0.5220541954040527},"size":22.0,"orthographic":false}