{"cameraMode":{"drawMode":0,"name":"Shaded","section":"Shading Mode"},"sceneLighting":false,"audioPlay":false,"sceneViewState":{"showFog":true,"showMaterialUpdate":false,"showSkybox":true,"showFlares":true,"showImageEffects":true,"showParticleSystems":true},"in2DMode":false,"pivot":{"x":2.1953678131103517,"y":1.3521281480789185,"z":0.014285841025412083},"rotation":{"x":-0.001306510646827519,"y":0.9575068354606628,"z":-0.2883751094341278,"w":-0.0043454766273498539},"size":8.25208854675293,"orthographic":false}